Comment,Designator,Footprint,LCSC Part #
100nF,"C2,C4,C5,C6",C_0805_2012Metric,C49678
10nF,C3,C_0805_2012Metric,C83170
SS54,D1,D_SMC,C16103
SK6812,D2,LED_SK6812_PLCC4_5.0x5.0mm_P3.2mm,C5378720
2N7002,"Q1,Q3,Q5",SOT-23,C332103
P-MOS -30V >=5A,Q2,TO-252-2,C141584
1k,"R10,R15,R5,RPU1",R_0805_2012Metric,C17513
330R,"R11,R17,R9",R_0805_2012Metric,C17630
200R,R12,R_0805_2012Metric,C17540
10k,"R13,R21,R8",R_0805_2012Metric,C17414
4.7k,"R14,R6,R7",R_0805_2012Metric,C17673
100k,"R16,R19,R22,R23,R24",R_0805_2012Metric,C17407
220R,"R2,R3,R4",R_0805_2012Metric,C17557
15k,R20,R_0805_2012Metric,C17475
100R,RG1,R_0805_2012Metric,C17408
INA226 (0x40),U1,MSOP-10_3x3mm_P0.5mm,C49851
MCP4728 (0x60),U2,MSOP-10_3x3mm_P0.5mm,C108207
INA226 (0x41),U3,MSOP-10_3x3mm_P0.5mm,C49851
AD9833,U4,MSOP-10_3x3mm_P0.5mm,C1519069
TS5A3159A,"U6,U7,U8",SOT-23-6,C128405
