Designator,Mid X,Mid Y,Layer,Rotation
C2,72.195,62.005,Top,0.0
C3,80.2957,14.005,Top,0.0
C4,54.785,108.005,Top,0.0
C5,95.045,48.005,Top,0.0
C6,57.135,48.005,Top,0.0
D1,32.66,16.375,Top,180.0
D2,62.07,109.81,Top,0.0
Q1,75.995,76.725,Top,0.0
Q2,66.4257,16.525,Top,0.0
Q3,91.3757,14.725,Top,0.0
Q5,87.295,76.725,Top,0.0
R10,59.525,75.975,Top,0.0
R11,64.935,75.975,Top,0.0
R12,66.765,61.975,Top,0.0
R13,74.8657,13.975,Top,0.0
R14,85.7257,13.975,Top,0.0
R15,97.0257,13.975,Top,0.0
R16,102.4357,13.975,Top,0.0
R17,49.355,107.975,Top,0.0
R19,92.945,75.975,Top,0.0
R2,62.565,47.975,Top,0.0
R20,84.205,47.975,Top,0.0
R21,89.615,47.975,Top,0.0
R22,106.625,47.975,Top,0.0
R23,118.185,47.975,Top,0.0
R24,54.855,53.525,Top,0.0
R3,67.975,47.975,Top,0.0
R4,73.385,47.975,Top,0.0
R5,78.795,47.975,Top,0.0
R6,85.665,33.975,Top,0.0
R7,91.075,33.975,Top,0.0
R8,48.705,75.975,Top,0.0
R9,54.115,75.975,Top,0.0
RG1,70.345,75.975,Top,0.0
RPU1,81.645,75.975,Top,0.0
U1,70.345,34.775,Top,0.0
U2,50.205,48.775,Top,0.0
U3,78.755,34.775,Top,0.0
U4,50.205,62.775,Top,0.0
U6,100.845,48.725,Top,0.0
U7,112.405,48.725,Top,0.0
U8,49.075,54.275,Top,0.0
