Mouser Part Number,Quantity,Description,Reference Designators
SC0915,1,Raspberry Pi Pico,U5
INA226AIDGST,2,INA226 current/power monitor MSOP-10,"U1,U3"
MCP4728-E-UN,1,MCP4728 quad DAC MSOP-10,U2
AD9833BRMZ-REEL7,1,AD9833 DDS MSOP-10,U4
TS5A3159ADBVR,3,TS5A3159A SPDT analog switch SOT-23-6,"U6,U7,U8"
CRA2512-FZ-R020ELF,1,0.02R 1% shunt 2512,RS1
71-WSL2512R0330FEA,1,0.033R 1% shunt 2512,RS2
SUD50P06-15-GE3,1,P-MOS DPAK ECU load switch,Q2
512-2N7002,3,2N7002 N-MOSFET SOT-23,"Q1,Q3,Q5"
821-SS54FSH,1,SS54 Schottky diode SMC 5A/40V,D1
972-XLH736025000000X,1,25MHz SMD oscillator 7x5mm 3.3V LVCMOS,Y1
B2B-XH-ALFSN,1,JST XH 2-pos vertical header,J2
TSW-104-07-G-S,1,4-pos 2.54mm vertical header,J3
534-5011,14,THT test point (substitute for bare pad),"TP1,TP2,TP3,TP4,TP5,TP6,TP7,TP8,TP9,TP10,TP11,TP12,TP13,TP14"
B3F-1000,3,6x6mm tactile switch,"SW1,SW2,SW3"
RC0805FR-0710KL,3,10k 0805,"R8,R13,R21"
RC0805FR-074K7L,3,4.7k 0805,"R6,R7,R14"
RC0805FR-071KL,4,1k 0805,"R5,R10,R15,RPU1"
RC0805FR-07100KL,5,100k 0805,"R16,R19,R22,R23,R24"
RC0805FR-07220RL,3,220R 0805,"R2,R3,R4"
RC0805FR-0720KL,1,20k 0805,R20
CC0805JRX7R9BB103,1,10nF 0805 X7R 50V,C3
CC0805KRX7R9BB104,8,100nF 0805 X7R 50V,"C2,C4,C5,C6,C7,C8,C9,C10"
1935161,1,2-pos 5.08mm PCB terminal block (fixed; footprint wants pluggable -- check fit),J1
39543-0015,1,15-pos 5.00mm screw terminal (pluggable vs fixed not confirmed),J0
504-TR/3216FF3-R,1,3A fast-acting SMD fuse 1206/3216,F1
80-ESH107M035AG3AA,1,100uF/35V radial electrolytic (35V not 25V -- safe upgrade),C1
